cb_proba,bought,top5_reason_codes,rank,percentile,top_1pct,top_5pct,top_10pct
0.9305605326461386,0,capital_gain ↑ (+2.00); marital_status ↑ (+0.64); occupation_level ↑ (+0.55); town ↑ (+0.53); education_num ↑ (+0.26),1,3.1191515907673116e-05,True,True,True
0.9289650126177762,0,capital_gain ↑ (+1.98); marital_status ↑ (+0.64); town ↑ (+0.55); occupation_level ↑ (+0.53); education_num ↑ (+0.28),2,6.238303181534623e-05,True,True,True
0.9270946788829094,0,capital_gain ↑ (+1.98); marital_status ↑ (+0.65); town ↑ (+0.53); occupation_level ↑ (+0.52); education_num ↑ (+0.28),3,9.357454772301933e-05,True,True,True
0.9260270974239563,0,capital_gain ↑ (+2.04); marital_status ↑ (+0.65); town ↑ (+0.56); education_num ↑ (+0.51); occupation_level ↑ (+0.50),4,0.00012476606363069246,True,True,True
0.925456926315461,0,capital_gain ↑ (+1.96); marital_status ↑ (+0.69); occupation_level ↑ (+0.57); town ↑ (+0.55); education_num ↑ (+0.48),5,0.00015595757953836556,True,True,True
0.9245969654485121,0,capital_gain ↑ (+1.99); marital_status ↑ (+0.64); occupation_level ↑ (+0.52); town ↑ (+0.50); education_num ↑ (+0.40),6,0.00018714909544603867,True,True,True
0.923743886794747,0,capital_gain ↑ (+1.90); marital_status ↑ (+0.64); town ↑ (+0.54); occupation_level ↑ (+0.51); education_num ↑ (+0.37),7,0.0002183406113537118,True,True,True
0.9226113250699334,0,capital_gain ↑ (+1.98); marital_status ↑ (+0.64); education_num ↑ (+0.55); occupation_level ↑ (+0.53); town ↑ (+0.52),8,0.0002495321272613849,True,True,True
0.9223527539756838,0,capital_gain ↑ (+1.86); occupation_level ↑ (+0.70); marital_status ↑ (+0.61); town ↑ (+0.40); view_fb ↑ (+0.20),9,0.000280723643169058,True,True,True
0.9212292468072261,0,capital_gain ↑ (+1.99); marital_status ↑ (+0.75); town ↑ (+0.53); education_num ↑ (+0.40); occupation_level ↑ (+0.32),10,0.00031191515907673113,True,True,True
0.9211747331736438,0,capital_gain ↑ (+2.10); marital_status ↑ (+0.65); town ↑ (+0.57); occupation_level ↑ (+0.47); education_num ↑ (+0.42),11,0.00034310667498440423,True,True,True
0.9211074790400734,0,capital_gain ↑ (+1.96); marital_status ↑ (+0.67); occupation_level ↑ (+0.55); town ↑ (+0.50); education_num ↑ (+0.27),12,0.00037429819089207733,True,True,True
0.9208450826118418,0,capital_gain ↑ (+1.94); marital_status ↑ (+0.64); town ↑ (+0.56); occupation_level ↑ (+0.52); education_num ↑ (+0.47),13,0.0004054897067997505,True,True,True
0.9207297301427075,1,capital_gain ↑ (+2.08); marital_status ↑ (+0.64); occupation_level ↑ (+0.53); town ↑ (+0.51); education_num ↑ (+0.27),14,0.0004366812227074236,True,True,True
0.9206274327930186,0,capital_gain ↑ (+1.91); marital_status ↑ (+0.65); town ↑ (+0.57); occupation_level ↑ (+0.48); education_num ↑ (+0.30),15,0.0004678727386150967,True,True,True
0.920437401896288,0,capital_gain ↑ (+1.99); marital_status ↑ (+0.65); occupation_level ↑ (+0.54); town ↑ (+0.52); education_num ↑ (+0.51),16,0.0004990642545227698,True,True,True
0.9200332471354258,0,capital_gain ↑ (+1.99); marital_status ↑ (+0.64); occupation_level ↑ (+0.57); town ↑ (+0.55); education_num ↑ (+0.27),17,0.000530255770430443,True,True,True
0.9196837423141377,1,capital_gain ↑ (+1.93); marital_status ↑ (+0.63); town ↑ (+0.56); occupation_level ↑ (+0.54); education_num ↑ (+0.44),18,0.000561447286338116,True,True,True
0.9195463059471825,0,capital_gain ↑ (+1.93); marital_status ↑ (+0.64); education_num ↑ (+0.60); occupation_level ↑ (+0.59); town ↑ (+0.45),19,0.0005926388022457892,True,True,True
0.9189185119869985,0,capital_gain ↑ (+1.99); marital_status ↑ (+0.65); education_num ↑ (+0.52); town ↑ (+0.48); occupation_level ↑ (+0.47),20,0.0006238303181534623,True,True,True
0.9184044137350826,0,capital_gain ↑ (+1.99); marital_status ↑ (+0.63); town ↑ (+0.55); occupation_level ↑ (+0.52); education_num ↑ (+0.39),21,0.0006550218340611354,True,True,True
0.9177120630472996,0,capital_gain ↑ (+1.96); marital_status ↑ (+0.60); town ↑ (+0.56); occupation_level ↑ (+0.48); education_num ↑ (+0.42),22,0.0006862133499688085,True,True,True
0.917672719848489,0,capital_gain ↑ (+1.93); marital_status ↑ (+0.69); occupation_level ↑ (+0.59); town ↑ (+0.47); education_num ↑ (+0.28),23,0.0007174048658764816,True,True,True
0.9175121539327125,0,capital_gain ↑ (+2.01); marital_status ↑ (+0.65); occupation_level ↑ (+0.56); town ↑ (+0.48); education_num ↑ (+0.27),24,0.0007485963817841547,True,True,True
0.9175079457639959,0,capital_gain ↑ (+1.98); marital_status ↑ (+0.64); town ↑ (+0.52); occupation_level ↑ (+0.50); education_num ↑ (+0.29),25,0.0007797878976918279,True,True,True
0.9174351492740056,1,capital_gain ↑ (+2.01); marital_status ↑ (+0.65); occupation_level ↑ (+0.56); town ↑ (+0.55); education_num ↑ (+0.27),26,0.000810979413599501,True,True,True
0.9171902526445408,0,capital_gain ↑ (+1.86); occupation_level ↑ (+0.89); marital_status ↑ (+0.62); town ↑ (+0.49); age ↑ (+0.18),27,0.0008421709295071741,True,True,True
0.9171128067283926,0,capital_gain ↑ (+1.98); marital_status ↑ (+0.64); occupation_level ↑ (+0.55); town ↑ (+0.53); education_num ↑ (+0.27),28,0.0008733624454148472,True,True,True
0.9169678899664394,0,capital_gain ↑ (+1.92); marital_status ↑ (+0.64); town ↑ (+0.57); occupation_level ↑ (+0.51); education_num ↑ (+0.51),29,0.0009045539613225203,True,True,True
0.9169387691509958,0,capital_gain ↑ (+2.05); marital_status ↑ (+0.64); occupation_level ↑ (+0.50); town ↑ (+0.50); education_num ↑ (+0.27),30,0.0009357454772301934,True,True,True
0.916373656393559,0,capital_gain ↑ (+1.99); marital_status ↑ (+0.64); education_num ↑ (+0.53); town ↑ (+0.52); occupation_level ↑ (+0.51),31,0.0009669369931378665,True,True,True
0.916268934886895,1,capital_gain ↑ (+1.99); marital_status ↑ (+0.64); town ↑ (+0.54); occupation_level ↑ (+0.51); education_num ↑ (+0.35),32,0.0009981285090455397,True,True,True
0.9162238821059303,0,capital_gain ↑ (+1.91); marital_status ↑ (+0.64); town ↑ (+0.53); occupation_level ↑ (+0.53); education_num ↑ (+0.40),33,0.0010293200249532127,True,True,True
0.9160457129114664,0,capital_gain ↑ (+2.03); occupation_level ↑ (+0.65); marital_status ↑ (+0.64); education_num ↑ (+0.45); town ↑ (+0.43),34,0.001060511540860886,True,True,True
0.9159349132746494,0,capital_gain ↑ (+1.94); marital_status ↑ (+0.70); town ↑ (+0.52); education_num ↑ (+0.52); occupation_level ↑ (+0.45),35,0.001091703056768559,True,True,True
0.9159273293652851,0,capital_gain ↑ (+1.96); marital_status ↑ (+0.64); occupation_level ↑ (+0.52); town ↑ (+0.46); education_num ↑ (+0.31),36,0.001122894572676232,True,True,True
0.9157955877394915,0,capital_gain ↑ (+1.98); marital_status ↑ (+0.64); occupation_level ↑ (+0.51); town ↑ (+0.49); education_num ↑ (+0.30),37,0.001154086088583905,True,True,True
0.915773236144575,0,capital_gain ↑ (+1.99); marital_status ↑ (+0.65); town ↑ (+0.55); occupation_level ↑ (+0.51); education_num ↑ (+0.23),38,0.0011852776044915783,True,True,True
0.915768613442719,1,capital_gain ↑ (+1.99); marital_status ↑ (+0.62); town ↑ (+0.61); occupation_level ↑ (+0.51); education_num ↑ (+0.44),39,0.0012164691203992513,True,True,True
0.915588518855922,0,capital_gain ↑ (+1.98); marital_status ↑ (+0.74); town ↑ (+0.49); education_num ↑ (+0.36); occupation_level ↑ (+0.34),40,0.0012476606363069245,True,True,True
0.9153807790255506,0,capital_gain ↑ (+2.02); marital_status ↑ (+0.64); town ↑ (+0.58); occupation_level ↑ (+0.56); education_num ↑ (+0.27),41,0.0012788521522145977,True,True,True
0.9152853201878701,0,capital_gain ↑ (+1.99); marital_status ↑ (+0.69); town ↑ (+0.56); education_num ↑ (+0.49); occupation_level ↑ (+0.31),42,0.0013100436681222707,True,True,True
0.9151917426450485,0,capital_gain ↑ (+1.89); marital_status ↑ (+0.70); town ↑ (+0.54); education_num ↑ (+0.47); occupation_level ↑ (+0.47),43,0.001341235184029944,True,True,True
0.915164712126678,0,capital_gain ↑ (+1.94); marital_status ↑ (+0.64); town ↑ (+0.55); occupation_level ↑ (+0.52); education_num ↑ (+0.35),44,0.001372426699937617,True,True,True
0.915145453924595,0,capital_gain ↑ (+1.82); occupation_level ↑ (+0.72); marital_status ↑ (+0.61); town ↑ (+0.41); education_num ↑ (+0.35),45,0.0014036182158452901,True,True,True
0.9149597054635865,0,capital_gain ↑ (+2.06); marital_status ↑ (+0.70); town ↑ (+0.53); occupation_level ↑ (+0.51); education_num ↑ (+0.27),46,0.0014348097317529631,True,True,True
0.914524300772923,1,capital_gain ↑ (+1.99); marital_status ↑ (+0.60); occupation_level ↑ (+0.53); town ↑ (+0.45); education_num ↑ (+0.27),47,0.0014660012476606363,True,True,True
0.9144372641345716,0,capital_gain ↑ (+1.97); marital_status ↑ (+0.70); town ↑ (+0.55); occupation_level ↑ (+0.49); education_num ↑ (+0.29),48,0.0014971927635683093,True,True,True
0.914302434792892,0,capital_gain ↑ (+1.78); occupation_level ↑ (+0.67); marital_status ↑ (+0.62); education_num ↑ (+0.49); town ↑ (+0.39),49,0.0015283842794759825,True,True,True
0.914226841198464,0,capital_gain ↑ (+1.86); occupation_level ↑ (+0.69); marital_status ↑ (+0.61); town ↑ (+0.43); education_num ↑ (+0.22),50,0.0015595757953836558,True,True,True
0.914183078986009,0,capital_gain ↑ (+2.02); occupation_level ↑ (+0.69); marital_status ↑ (+0.62); town ↑ (+0.41); education_num ↑ (+0.22),51,0.0015907673112913287,True,True,True
0.9135504949328588,0,capital_gain ↑ (+1.86); occupation_level ↑ (+0.70); marital_status ↑ (+0.61); town ↑ (+0.43); education_num ↑ (+0.22),52,0.001621958827199002,True,True,True
0.9135302969683645,0,capital_gain ↑ (+2.01); marital_status ↑ (+0.65); town ↑ (+0.55); occupation_level ↑ (+0.51); education_num ↑ (+0.24),53,0.001653150343106675,True,True,True
0.9134198542766767,0,capital_gain ↑ (+1.91); marital_status ↑ (+0.69); town ↑ (+0.53); occupation_level ↑ (+0.52); education_num ↑ (+0.38),54,0.0016843418590143482,True,True,True
0.9133820376165884,0,capital_gain ↑ (+1.80); occupation_level ↑ (+0.67); marital_status ↑ (+0.63); town ↑ (+0.47); education_num ↑ (+0.38),55,0.0017155333749220212,True,True,True
0.9129566759584539,0,capital_gain ↑ (+2.08); marital_status ↑ (+0.74); town ↑ (+0.53); education_num ↑ (+0.41); occupation_level ↑ (+0.29),56,0.0017467248908296944,True,True,True
0.9126823792064486,0,capital_gain ↑ (+1.93); marital_status ↑ (+0.65); education_num ↑ (+0.54); town ↑ (+0.51); occupation_level ↑ (+0.50),57,0.0017779164067373674,True,True,True
0.9124117466915418,0,capital_gain ↑ (+1.77); occupation_level ↑ (+0.63); marital_status ↑ (+0.62); education_num ↑ (+0.54); town ↑ (+0.44),58,0.0018091079226450406,True,True,True
0.9123394722603967,0,capital_gain ↑ (+2.04); marital_status ↑ (+0.70); occupation_level ↑ (+0.51); town ↑ (+0.48); education_num ↑ (+0.29),59,0.0018402994385527136,True,True,True
0.9119709713581244,0,capital_gain ↑ (+1.99); marital_status ↑ (+0.74); town ↑ (+0.56); education_num ↑ (+0.31); occupation_level ↑ (+0.29),60,0.0018714909544603868,True,True,True
0.9119472271192369,0,capital_gain ↑ (+2.00); marital_status ↑ (+0.64); town ↑ (+0.55); occupation_level ↑ (+0.48); education_num ↑ (+0.26),61,0.00190268247036806,True,True,True
0.9119093026998137,0,capital_gain ↑ (+2.06); town ↑ (+0.59); marital_status ↑ (+0.57); occupation_level ↑ (+0.50); view_fb ↑ (+0.23),62,0.001933873986275733,True,True,True
0.9117865173943346,0,capital_gain ↑ (+1.99); occupation_level ↑ (+0.80); marital_status ↑ (+0.60); town ↑ (+0.43); age ↑ (+0.14),63,0.001965065502183406,True,True,True
0.9116774514903894,0,capital_gain ↑ (+1.91); marital_status ↑ (+0.74); town ↑ (+0.55); education_num ↑ (+0.41); occupation_level ↑ (+0.30),64,0.0019962570180910794,True,True,True
0.9116738599474778,0,capital_gain ↑ (+1.97); marital_status ↑ (+0.62); occupation_level ↑ (+0.51); education_num ↑ (+0.49); town ↑ (+0.42),65,0.002027448533998752,True,True,True
0.9116316384214602,0,capital_gain ↑ (+1.96); marital_status ↑ (+0.65); occupation_level ↑ (+0.57); education_num ↑ (+0.52); town ↑ (+0.46),66,0.0020586400499064254,True,True,True
0.9115388259105057,1,capital_gain ↑ (+1.86); occupation_level ↑ (+0.71); marital_status ↑ (+0.62); town ↑ (+0.43); education_num ↑ (+0.25),67,0.0020898315658140986,True,True,True
0.9114191210313162,0,capital_gain ↑ (+2.16); marital_status ↑ (+0.65); occupation_level ↑ (+0.55); town ↑ (+0.52); education_num ↑ (+0.29),68,0.002121023081721772,True,True,True
0.911239367179632,0,capital_gain ↑ (+1.82); occupation_level ↑ (+0.82); marital_status ↑ (+0.65); town ↑ (+0.46); age ↑ (+0.17),69,0.0021522145976294446,True,True,True
0.9112334947654879,0,capital_gain ↑ (+1.92); marital_status ↑ (+0.75); town ↑ (+0.56); education_num ↑ (+0.55); occupation_level ↑ (+0.29),70,0.002183406113537118,True,True,True
0.9111982378676673,0,capital_gain ↑ (+1.89); occupation_level ↑ (+0.70); marital_status ↑ (+0.63); town ↑ (+0.45); education_num ↑ (+0.25),71,0.002214597629444791,True,True,True
0.9110023760101644,0,capital_gain ↑ (+1.92); marital_status ↑ (+0.61); occupation_level ↑ (+0.55); education_num ↑ (+0.51); town ↑ (+0.45),72,0.002245789145352464,True,True,True
0.9109758111799671,0,capital_gain ↑ (+2.08); marital_status ↑ (+0.64); occupation_level ↑ (+0.54); town ↑ (+0.49); education_num ↑ (+0.37),73,0.0022769806612601374,True,True,True
0.9108055482604839,0,capital_gain ↑ (+2.01); marital_status ↑ (+0.74); town ↑ (+0.53); education_num ↑ (+0.42); occupation_level ↑ (+0.34),74,0.00230817217716781,True,True,True
0.9105052911037085,0,capital_gain ↑ (+2.00); marital_status ↑ (+0.75); town ↑ (+0.55); education_num ↑ (+0.44); occupation_level ↑ (+0.27),75,0.0023393636930754834,True,True,True
0.9104513680263403,0,capital_gain ↑ (+1.78); occupation_level ↑ (+0.74); marital_status ↑ (+0.61); town ↑ (+0.40); education_num ↑ (+0.28),76,0.0023705552089831566,True,True,True
0.9103001640041689,0,capital_gain ↑ (+1.93); marital_status ↑ (+0.62); education_num ↑ (+0.52); occupation_level ↑ (+0.48); town ↑ (+0.46),77,0.00240174672489083,True,True,True
0.9099892927304882,0,capital_gain ↑ (+1.97); marital_status ↑ (+0.62); occupation_level ↑ (+0.52); town ↑ (+0.46); education_num ↑ (+0.31),78,0.0024329382407985026,True,True,True
0.9097538030846554,0,capital_gain ↑ (+1.91); marital_status ↑ (+0.74); education_num ↑ (+0.53); town ↑ (+0.50); occupation_level ↑ (+0.34),79,0.002464129756706176,True,True,True
0.9096519984717006,0,capital_gain ↑ (+2.01); occupation_level ↑ (+0.72); marital_status ↑ (+0.57); town ↑ (+0.41); education_num ↑ (+0.24),80,0.002495321272613849,True,True,True
0.9093574064560395,0,capital_gain ↑ (+1.81); occupation_level ↑ (+0.82); marital_status ↑ (+0.63); town ↑ (+0.51); age ↑ (+0.18),81,0.0025265127885215222,True,True,True
0.9093507615904587,0,capital_gain ↑ (+1.92); occupation_level ↑ (+0.64); marital_status ↑ (+0.59); town ↑ (+0.46); education_num ↑ (+0.26),82,0.0025577043044291954,True,True,True
0.9093480737719595,0,capital_gain ↑ (+1.77); occupation_level ↑ (+0.63); marital_status ↑ (+0.62); town ↑ (+0.44); education_num ↑ (+0.44),83,0.0025888958203368682,True,True,True
0.9091374492993813,0,capital_gain ↑ (+1.92); marital_status ↑ (+0.64); occupation_level ↑ (+0.54); town ↑ (+0.51); education_num ↑ (+0.29),84,0.0026200873362445414,True,True,True
0.9089769839969614,1,capital_gain ↑ (+1.99); occupation_level ↑ (+0.75); marital_status ↑ (+0.60); town ↑ (+0.49); age ↑ (+0.17),85,0.0026512788521522146,True,True,True
0.9087129233889961,0,capital_gain ↑ (+1.97); marital_status ↑ (+0.65); occupation_level ↑ (+0.63); town ↑ (+0.44); education_num ↑ (+0.26),86,0.002682470368059888,True,True,True
0.9086323006301483,0,capital_gain ↑ (+2.06); occupation_level ↑ (+0.73); marital_status ↑ (+0.62); town ↑ (+0.37); education_num ↑ (+0.24),87,0.0027136618839675606,True,True,True
0.9084831276763691,0,capital_gain ↑ (+1.99); marital_status ↑ (+0.71); education_num ↑ (+0.54); town ↑ (+0.45); occupation_level ↑ (+0.30),88,0.002744853399875234,True,True,True
0.9083162893359408,0,capital_gain ↑ (+1.90); occupation_level ↑ (+0.82); marital_status ↑ (+0.59); town ↑ (+0.39); view_fb ↑ (+0.26),89,0.002776044915782907,True,True,True
0.9082748142308419,0,capital_gain ↑ (+2.08); marital_status ↑ (+0.65); occupation_level ↑ (+0.54); town ↑ (+0.52); education_num ↑ (+0.27),90,0.0028072364316905803,True,True,True
0.9082457945674536,0,capital_gain ↑ (+1.92); marital_status ↑ (+0.64); occupation_level ↑ (+0.55); town ↑ (+0.48); education_num ↑ (+0.17),91,0.0028384279475982535,True,True,True
0.9082410979855371,1,capital_gain ↑ (+1.93); marital_status ↑ (+0.73); town ↑ (+0.56); education_num ↑ (+0.52); occupation_level ↑ (+0.29),92,0.0028696194635059263,True,True,True
0.9079513142648423,0,capital_gain ↑ (+1.76); occupation_level ↑ (+0.64); marital_status ↑ (+0.62); education_num ↑ (+0.45); town ↑ (+0.42),93,0.0029008109794135995,True,True,True
0.9078415846382779,0,capital_gain ↑ (+2.09); marital_status ↑ (+0.61); occupation_level ↑ (+0.56); education_num ↑ (+0.54); town ↑ (+0.49),94,0.0029320024953212727,True,True,True
0.9077877607718918,0,capital_gain ↑ (+2.04); marital_status ↑ (+0.62); occupation_level ↑ (+0.54); education_num ↑ (+0.51); town ↑ (+0.45),95,0.002963194011228946,True,True,True
0.9077643233899474,0,capital_gain ↑ (+2.08); marital_status ↑ (+0.69); occupation_level ↑ (+0.63); town ↑ (+0.52); view_fb ↑ (+0.23),96,0.0029943855271366187,True,True,True
0.9075728250845804,0,capital_gain ↑ (+1.91); occupation_level ↑ (+0.74); marital_status ↑ (+0.61); town ↑ (+0.48); age ↑ (+0.17),97,0.003025577043044292,True,True,True
0.9075606786927747,1,capital_gain ↑ (+2.13); marital_status ↑ (+0.73); education_num ↑ (+0.55); town ↑ (+0.55); occupation_level ↑ (+0.50),98,0.003056768558951965,True,True,True
0.9075313460061507,0,capital_gain ↑ (+2.15); occupation_level ↑ (+0.55); marital_status ↑ (+0.41); education_num ↑ (+0.36); town ↑ (+0.31),99,0.0030879600748596383,True,True,True
0.9075299476274871,1,capital_gain ↑ (+1.99); marital_status ↑ (+0.74); town ↑ (+0.54); education_num ↑ (+0.38); occupation_level ↑ (+0.31),100,0.0031191515907673115,True,True,True
0.9075132881032999,0,capital_gain ↑ (+2.04); marital_status ↑ (+0.61); occupation_level ↑ (+0.49); town ↑ (+0.41); education_num ↑ (+0.29),101,0.0031503431066749843,True,True,True
0.9074258799207227,0,capital_gain ↑ (+1.99); marital_status ↑ (+0.65); occupation_level ↑ (+0.49); town ↑ (+0.48); education_num ↑ (+0.28),102,0.0031815346225826575,True,True,True
0.907177829853883,0,capital_gain ↑ (+1.99); marital_status ↑ (+0.74); town ↑ (+0.54); education_num ↑ (+0.37); occupation_level ↑ (+0.30),103,0.0032127261384903307,True,True,True
0.9071552906693079,0,capital_gain ↑ (+1.98); marital_status ↑ (+0.74); town ↑ (+0.51); occupation_level ↑ (+0.29); education_num ↑ (+0.27),104,0.003243917654398004,True,True,True
0.9071142516379113,0,capital_gain ↑ (+2.04); marital_status ↑ (+0.74); occupation_level ↑ (+0.63); town ↑ (+0.42); education_num ↑ (+0.27),105,0.0032751091703056767,True,True,True
0.9070673485002588,0,capital_gain ↑ (+1.99); marital_status ↑ (+0.65); occupation_level ↑ (+0.52); town ↑ (+0.48); education_num ↑ (+0.27),106,0.00330630068621335,True,True,True
0.9069397049029758,0,capital_gain ↑ (+1.89); marital_status ↑ (+0.74); town ↑ (+0.49); occupation_level ↑ (+0.37); education_num ↑ (+0.33),107,0.003337492202121023,True,True,True
0.9069255030454154,0,capital_gain ↑ (+2.02); marital_status ↑ (+0.58); town ↑ (+0.56); occupation_level ↑ (+0.54); view_fb ↑ (+0.23),108,0.0033686837180286963,True,True,True
0.9068145544124435,0,capital_gain ↑ (+2.15); marital_status ↑ (+0.56); occupation_level ↑ (+0.56); town ↑ (+0.44); education_num ↑ (+0.28),109,0.003399875233936369,True,True,True
0.9067489184534789,0,capital_gain ↑ (+1.92); occupation_level ↑ (+0.77); marital_status ↑ (+0.57); town ↑ (+0.50); age ↑ (+0.18),110,0.0034310667498440423,True,True,True
0.9062878404992581,1,capital_gain ↑ (+2.20); marital_status ↑ (+0.64); occupation_level ↑ (+0.54); town ↑ (+0.51); education_num ↑ (+0.26),111,0.0034622582657517155,True,True,True
0.9061453858992672,0,capital_gain ↑ (+2.08); education_num ↑ (+0.50); marital_status ↑ (+0.42); occupation_level ↑ (+0.41); town ↑ (+0.38),112,0.0034934497816593887,True,True,True
0.9061087369992747,1,capital_gain ↑ (+1.97); marital_status ↑ (+0.67); town ↑ (+0.49); occupation_level ↑ (+0.34); education_num ↑ (+0.26),113,0.003524641297567062,True,True,True
0.9060743090557751,0,capital_gain ↑ (+1.92); marital_status ↑ (+0.74); town ↑ (+0.52); education_num ↑ (+0.40); occupation_level ↑ (+0.33),114,0.0035558328134747347,True,True,True
0.9060212018745974,0,capital_gain ↑ (+1.94); marital_status ↑ (+0.73); town ↑ (+0.58); education_num ↑ (+0.41); occupation_level ↑ (+0.31),115,0.003587024329382408,True,True,True
0.9054269395636925,0,capital_gain ↑ (+1.98); marital_status ↑ (+0.64); occupation_level ↑ (+0.49); town ↑ (+0.48); education_num ↑ (+0.28),116,0.003618215845290081,True,True,True
0.9054028072401741,0,capital_gain ↑ (+1.76); occupation_level ↑ (+0.83); marital_status ↑ (+0.63); town ↑ (+0.46); age ↑ (+0.17),117,0.0036494073611977543,True,True,True
0.9052024745474264,0,capital_gain ↑ (+2.01); marital_status ↑ (+0.75); town ↑ (+0.56); education_num ↑ (+0.28); occupation_level ↑ (+0.28),118,0.003680598877105427,True,True,True
0.9051416509389169,1,capital_gain ↑ (+2.06); marital_status ↑ (+0.57); occupation_level ↑ (+0.54); town ↑ (+0.48); education_num ↑ (+0.29),119,0.0037117903930131003,True,True,True
0.9050887677104982,0,capital_gain ↑ (+1.92); marital_status ↑ (+0.61); occupation_level ↑ (+0.49); town ↑ (+0.44); education_num ↑ (+0.40),120,0.0037429819089207735,True,True,True
0.905002665144039,1,capital_gain ↑ (+1.90); occupation_level ↑ (+0.73); marital_status ↑ (+0.60); town ↑ (+0.37); education_num ↑ (+0.22),121,0.0037741734248284468,True,True,True
0.9048097176238736,0,capital_gain ↑ (+1.87); occupation_level ↑ (+0.70); marital_status ↑ (+0.62); town ↑ (+0.39); age ↑ (+0.16),122,0.00380536494073612,True,True,True
0.9045923703709087,0,capital_gain ↑ (+1.98); marital_status ↑ (+0.60); occupation_level ↑ (+0.57); education_num ↑ (+0.48); town ↑ (+0.39),123,0.0038365564566437927,True,True,True
0.9041562723204133,0,capital_gain ↑ (+1.97); marital_status ↑ (+0.60); occupation_level ↑ (+0.50); town ↑ (+0.42); education_num ↑ (+0.28),124,0.003867747972551466,True,True,True
0.9040552898250106,0,capital_gain ↑ (+1.85); occupation_level ↑ (+0.68); marital_status ↑ (+0.58); education_num ↑ (+0.52); town ↑ (+0.32),125,0.003898939488459139,True,True,True
0.9040055425834256,0,capital_gain ↑ (+1.89); occupation_level ↑ (+0.75); marital_status ↑ (+0.61); town ↑ (+0.48); age ↑ (+0.17),126,0.003930131004366812,True,True,True
0.9038176313878232,0,capital_gain ↑ (+1.92); marital_status ↑ (+0.74); town ↑ (+0.53); education_num ↑ (+0.38); occupation_level ↑ (+0.31),127,0.003961322520274486,True,True,True
0.9036218600800328,0,capital_gain ↑ (+2.00); marital_status ↑ (+0.64); occupation_level ↑ (+0.51); town ↑ (+0.50); education_num ↑ (+0.30),128,0.003992514036182159,True,True,True
0.9035948565922121,0,capital_gain ↑ (+2.00); marital_status ↑ (+0.62); occupation_level ↑ (+0.56); town ↑ (+0.39); education_num ↑ (+0.28),129,0.004023705552089831,True,True,True
0.9034313240272344,0,capital_gain ↑ (+1.94); marital_status ↑ (+0.62); occupation_level ↑ (+0.51); town ↑ (+0.46); education_num ↑ (+0.39),130,0.004054897067997504,True,True,True
0.9034222097975196,0,capital_gain ↑ (+1.86); marital_status ↑ (+0.65); occupation_level ↑ (+0.60); town ↑ (+0.53); education_num ↑ (+0.34),131,0.0040860885839051776,True,True,True
0.9032105829648307,0,capital_gain ↑ (+2.09); marital_status ↑ (+0.74); town ↑ (+0.53); education_num ↑ (+0.31); occupation_level ↑ (+0.28),132,0.004117280099812851,True,True,True
0.9027754958067289,0,capital_gain ↑ (+2.00); marital_status ↑ (+0.64); town ↑ (+0.53); occupation_level ↑ (+0.53); age ↑ (+0.17),133,0.004148471615720524,True,True,True
0.9025440939006346,0,capital_gain ↑ (+1.93); occupation_level ↑ (+0.65); marital_status ↑ (+0.61); town ↑ (+0.43); education_num ↑ (+0.30),134,0.004179663131628197,True,True,True
0.9025161038321114,0,capital_gain ↑ (+1.89); marital_status ↑ (+0.74); town ↑ (+0.48); occupation_level ↑ (+0.34); education_num ↑ (+0.28),135,0.00421085464753587,True,True,True
0.9022664613462523,0,capital_gain ↑ (+1.97); occupation_level ↑ (+0.69); marital_status ↑ (+0.59); town ↑ (+0.43); education_num ↑ (+0.24),136,0.004242046163443544,True,True,True
0.9020221329560287,0,capital_gain ↑ (+2.10); marital_status ↑ (+0.71); town ↑ (+0.47); education_num ↑ (+0.30); occupation_level ↑ (+0.29),137,0.004273237679351217,True,True,True
0.9014488513394225,0,capital_gain ↑ (+1.95); marital_status ↑ (+0.61); occupation_level ↑ (+0.54); education_num ↑ (+0.52); town ↑ (+0.40),138,0.004304429195258889,True,True,True
0.9014326609403064,0,capital_gain ↑ (+2.00); marital_status ↑ (+0.69); town ↑ (+0.62); education_num ↑ (+0.39); occupation_level ↑ (+0.30),139,0.004335620711166562,True,True,True
0.9012702017699175,0,capital_gain ↑ (+1.72); occupation_level ↑ (+0.79); marital_status ↑ (+0.58); town ↑ (+0.46); education_num ↑ (+0.40),140,0.004366812227074236,True,True,True
0.9011082296181308,0,capital_gain ↑ (+1.85); occupation_level ↑ (+0.68); marital_status ↑ (+0.62); town ↑ (+0.38); education_num ↑ (+0.18),141,0.004398003742981909,True,True,True
0.9009702773725489,1,capital_gain ↑ (+1.97); occupation_level ↑ (+0.73); marital_status ↑ (+0.62); town ↑ (+0.41); education_num ↑ (+0.21),142,0.004429195258889582,True,True,True
0.9004538944609132,1,capital_gain ↑ (+1.91); occupation_level ↑ (+0.81); marital_status ↑ (+0.63); town ↑ (+0.37); age ↑ (+0.16),143,0.004460386774797255,True,True,True
0.9003791729383699,1,capital_gain ↑ (+2.11); marital_status ↑ (+0.73); occupation_level ↑ (+0.55); town ↑ (+0.51); education_num ↑ (+0.30),144,0.004491578290704928,True,True,True
0.9003419300964802,0,capital_gain ↑ (+1.79); occupation_level ↑ (+0.70); marital_status ↑ (+0.61); education_num ↑ (+0.46); town ↑ (+0.38),145,0.004522769806612602,True,True,True
0.9003122764811183,0,capital_gain ↑ (+1.81); occupation_level ↑ (+0.77); marital_status ↑ (+0.61); town ↑ (+0.43); education_num ↑ (+0.33),146,0.004553961322520275,True,True,True
0.9002228486903808,0,capital_gain ↑ (+2.04); marital_status ↑ (+0.62); occupation_level ↑ (+0.49); town ↑ (+0.40); education_num ↑ (+0.29),147,0.004585152838427947,True,True,True
0.900134509987774,0,capital_gain ↑ (+1.78); occupation_level ↑ (+0.74); marital_status ↑ (+0.58); education_num ↑ (+0.52); town ↑ (+0.40),148,0.00461634435433562,True,True,True
0.8998751088285666,0,capital_gain ↑ (+1.89); occupation_level ↑ (+0.67); marital_status ↑ (+0.40); education_num ↑ (+0.38); town ↑ (+0.32),149,0.004647535870243294,True,True,True
0.8998308645688567,0,capital_gain ↑ (+1.90); occupation_level ↑ (+0.68); marital_status ↑ (+0.61); town ↑ (+0.43); age ↑ (+0.14),150,0.004678727386150967,True,True,True
0.8998214148799866,0,capital_gain ↑ (+1.83); occupation_level ↑ (+0.69); marital_status ↑ (+0.62); education_num ↑ (+0.43); town ↑ (+0.38),151,0.00470991890205864,True,True,True
0.8993089605569593,0,capital_gain ↑ (+1.90); occupation_level ↑ (+0.86); marital_status ↑ (+0.60); town ↑ (+0.52); age ↑ (+0.17),152,0.004741110417966313,True,True,True
0.8992834008314642,0,capital_gain ↑ (+1.80); occupation_level ↑ (+0.70); marital_status ↑ (+0.60); education_num ↑ (+0.45); town ↑ (+0.32),153,0.0047723019338739864,True,True,True
0.8992310525700908,0,capital_gain ↑ (+2.01); marital_status ↑ (+0.61); occupation_level ↑ (+0.53); town ↑ (+0.41); education_num ↑ (+0.27),154,0.00480349344978166,True,True,True
0.8992060054135208,0,capital_gain ↑ (+1.71); occupation_level ↑ (+0.68); marital_status ↑ (+0.63); town ↑ (+0.43); education_num ↑ (+0.31),155,0.004834684965689333,True,True,True
0.8991618720987297,0,capital_gain ↑ (+1.79); occupation_level ↑ (+0.73); marital_status ↑ (+0.57); education_num ↑ (+0.49); town ↑ (+0.39),156,0.004865876481597005,True,True,True
0.8989900133005503,0,capital_gain ↑ (+1.92); marital_status ↑ (+0.72); education_num ↑ (+0.46); town ↑ (+0.45); occupation_level ↑ (+0.26),157,0.004897067997504678,True,True,True
0.8989231713909791,0,capital_gain ↑ (+2.03); marital_status ↑ (+0.72); town ↑ (+0.58); occupation_level ↑ (+0.35); view_fb ↑ (+0.23),158,0.004928259513412352,True,True,True
0.898916465060966,0,capital_gain ↑ (+1.71); occupation_level ↑ (+0.67); marital_status ↑ (+0.66); education_num ↑ (+0.43); town ↑ (+0.42),159,0.004959451029320025,True,True,True
0.8989131814128992,0,capital_gain ↑ (+1.93); marital_status ↑ (+0.72); education_num ↑ (+0.46); town ↑ (+0.45); occupation_level ↑ (+0.26),160,0.004990642545227698,True,True,True
0.8988651043693261,0,capital_gain ↑ (+2.12); marital_status ↑ (+0.75); town ↑ (+0.51); education_num ↑ (+0.31); occupation_level ↑ (+0.27),161,0.005021834061135371,True,True,True
0.8988092335497551,0,capital_gain ↑ (+2.01); marital_status ↑ (+0.62); occupation_level ↑ (+0.51); town ↑ (+0.39); education_num ↑ (+0.29),162,0.0050530255770430445,True,True,True
0.8988028335941289,1,capital_gain ↑ (+1.98); marital_status ↑ (+0.71); occupation_level ↑ (+0.69); town ↑ (+0.45); education_num ↑ (+0.30),163,0.005084217092950718,True,True,True
0.8987385639245371,0,capital_gain ↑ (+2.05); marital_status ↑ (+0.62); occupation_level ↑ (+0.51); town ↑ (+0.42); education_num ↑ (+0.25),164,0.005115408608858391,True,True,True
0.8986791979209855,0,capital_gain ↑ (+2.01); marital_status ↑ (+0.62); occupation_level ↑ (+0.53); town ↑ (+0.46); education_num ↑ (+0.41),165,0.005146600124766063,True,True,True
0.8986112116181918,0,capital_gain ↑ (+1.94); occupation_level ↑ (+0.83); marital_status ↑ (+0.57); town ↑ (+0.46); age ↑ (+0.16),166,0.0051777916406737364,True,True,True
0.898583863948797,0,capital_gain ↑ (+2.04); marital_status ↑ (+0.61); occupation_level ↑ (+0.53); town ↑ (+0.43); education_num ↑ (+0.31),167,0.00520898315658141,True,True,True
0.8984944121745644,0,capital_gain ↑ (+1.88); occupation_level ↑ (+0.68); marital_status ↑ (+0.63); town ↑ (+0.41); education_num ↑ (+0.21),168,0.005240174672489083,True,True,True
0.8983829718112855,0,capital_gain ↑ (+2.11); marital_status ↑ (+0.65); occupation_level ↑ (+0.56); town ↑ (+0.51); education_num ↑ (+0.27),169,0.005271366188396756,True,True,True
0.8983795949946115,0,capital_gain ↑ (+2.02); occupation_level ↑ (+0.79); marital_status ↑ (+0.60); town ↑ (+0.45); job_title ↑ (+0.13),170,0.005302557704304429,True,True,True
0.8980723481688166,0,capital_gain ↑ (+1.80); occupation_level ↑ (+0.68); marital_status ↑ (+0.59); education_num ↑ (+0.39); town ↑ (+0.34),171,0.0053337492202121025,True,True,True
0.8980712551094497,0,capital_gain ↑ (+2.03); marital_status ↑ (+0.63); occupation_level ↑ (+0.60); town ↑ (+0.57); age ↑ (+0.17),172,0.005364940736119776,True,True,True
0.8980142116000925,0,capital_gain ↑ (+2.00); marital_status ↑ (+0.61); occupation_level ↑ (+0.55); town ↑ (+0.40); education_num ↑ (+0.36),173,0.005396132252027449,True,True,True
0.8978411448899253,0,capital_gain ↑ (+1.84); marital_status ↑ (+0.63); occupation_level ↑ (+0.59); education_num ↑ (+0.44); town ↑ (+0.36),174,0.005427323767935121,True,True,True
0.8977560890209361,1,capital_gain ↑ (+2.04); marital_status ↑ (+0.72); town ↑ (+0.45); education_num ↑ (+0.32); occupation_level ↑ (+0.31),175,0.0054585152838427945,True,True,True
0.8975652683797977,0,capital_gain ↑ (+1.92); marital_status ↑ (+0.72); education_num ↑ (+0.47); town ↑ (+0.44); occupation_level ↑ (+0.32),176,0.005489706799750468,True,True,True
0.8975581038435384,0,capital_gain ↑ (+1.85); occupation_level ↑ (+0.70); marital_status ↑ (+0.61); town ↑ (+0.41); education_num ↑ (+0.19),177,0.005520898315658141,True,True,True
0.8973509994898133,0,capital_gain ↑ (+1.78); occupation_level ↑ (+0.78); marital_status ↑ (+0.62); town ↑ (+0.42); education_num ↑ (+0.33),178,0.005552089831565814,True,True,True
0.8970261646530893,1,capital_gain ↑ (+1.98); marital_status ↑ (+0.51); town ↑ (+0.42); education_num ↑ (+0.35); occupation_level ↑ (+0.27),179,0.005583281347473487,True,True,True
0.8969480633736124,1,capital_gain ↑ (+1.94); marital_status ↑ (+0.62); occupation_level ↑ (+0.56); education_num ↑ (+0.45); town ↑ (+0.32),180,0.0056144728633811605,True,True,True
0.8967405974774477,0,capital_gain ↑ (+2.22); occupation_level ↑ (+0.61); marital_status ↑ (+0.39); education_num ↑ (+0.31); town ↑ (+0.25),181,0.005645664379288834,True,True,True
0.8967222270314282,0,capital_gain ↑ (+2.00); occupation_level ↑ (+0.69); marital_status ↑ (+0.62); town ↑ (+0.42); education_num ↑ (+0.20),182,0.005676855895196507,True,True,True
0.8965464405043345,0,capital_gain ↑ (+1.93); marital_status ↑ (+0.61); occupation_level ↑ (+0.50); town ↑ (+0.48); education_num ↑ (+0.45),183,0.005708047411104179,True,True,True
0.8965268228912354,0,capital_gain ↑ (+1.81); occupation_level ↑ (+0.86); marital_status ↑ (+0.62); town ↑ (+0.36); age ↑ (+0.14),184,0.0057392389270118525,True,True,True
0.8962500971993375,0,capital_gain ↑ (+1.73); occupation_level ↑ (+0.72); marital_status ↑ (+0.62); town ↑ (+0.39); education_num ↑ (+0.19),185,0.005770430442919526,True,True,True
0.8962224296656403,0,capital_gain ↑ (+2.02); marital_status ↑ (+0.61); occupation_level ↑ (+0.53); town ↑ (+0.52); education_num ↑ (+0.41),186,0.005801621958827199,True,True,True
0.8960093879647372,0,capital_gain ↑ (+1.96); marital_status ↑ (+0.71); education_num ↑ (+0.45); town ↑ (+0.44); occupation_level ↑ (+0.27),187,0.005832813474734872,True,True,True
0.8959446919924959,0,capital_gain ↑ (+2.03); marital_status ↑ (+0.75); education_num ↑ (+0.51); town ↑ (+0.45); occupation_level ↑ (+0.29),188,0.005864004990642545,True,True,True
0.895916098330857,0,capital_gain ↑ (+1.86); marital_status ↑ (+0.63); occupation_level ↑ (+0.52); education_num ↑ (+0.48); town ↑ (+0.36),189,0.0058951965065502186,True,True,True
0.8958303775918275,0,capital_gain ↑ (+1.70); occupation_level ↑ (+0.71); marital_status ↑ (+0.65); town ↑ (+0.42); education_num ↑ (+0.21),190,0.005926388022457892,True,True,True
0.8958142517534061,1,capital_gain ↑ (+2.09); marital_status ↑ (+0.71); town ↑ (+0.42); education_num ↑ (+0.32); occupation_level ↑ (+0.28),191,0.005957579538365565,True,True,True
0.8957112200692517,0,capital_gain ↑ (+2.10); occupation_level ↑ (+0.57); marital_status ↑ (+0.41); town ↑ (+0.35); education_num ↑ (+0.33),192,0.005988771054273237,True,True,True
0.89553758888169,0,capital_gain ↑ (+2.01); marital_status ↑ (+0.62); occupation_level ↑ (+0.55); town ↑ (+0.55); age ↑ (+0.17),193,0.0060199625701809105,True,True,True
0.8955333357778242,0,capital_gain ↑ (+1.90); occupation_level ↑ (+0.86); marital_status ↑ (+0.59); town ↑ (+0.49); age ↑ (+0.16),194,0.006051154086088584,True,True,True
0.8953981091277402,0,capital_gain ↑ (+2.03); marital_status ↑ (+0.41); occupation_level ↑ (+0.39); town ↑ (+0.35); education_num ↑ (+0.32),195,0.006082345601996257,True,True,True
0.8953616314111493,0,capital_gain ↑ (+2.23); marital_status ↑ (+0.80); town ↑ (+0.58); education_num ↑ (+0.53); occupation_level ↓ (-0.38),196,0.00611353711790393,True,True,True
0.8953192949725984,0,capital_gain ↑ (+2.21); occupation_level ↑ (+0.57); marital_status ↑ (+0.39); town ↑ (+0.28); education_num ↑ (+0.28),197,0.006144728633811603,True,True,True
0.8951819175078132,0,capital_gain ↑ (+2.03); occupation_level ↑ (+0.84); marital_status ↑ (+0.61); town ↑ (+0.44); education_num ↓ (-0.09),198,0.006175920149719277,True,True,True
0.895075836833674,0,capital_gain ↑ (+1.94); marital_status ↑ (+0.71); town ↑ (+0.45); education_num ↑ (+0.42); occupation_level ↑ (+0.31),199,0.00620711166562695,True,True,True
0.894976763661893,1,capital_gain ↑ (+1.79); occupation_level ↑ (+0.83); marital_status ↑ (+0.63); town ↑ (+0.51); age ↑ (+0.17),200,0.006238303181534623,True,True,True
0.8949293477902868,0,capital_gain ↑ (+1.80); occupation_level ↑ (+0.89); marital_status ↑ (+0.61); town ↑ (+0.52); age ↑ (+0.16),201,0.006269494697442295,True,True,True
0.8948295534799676,0,capital_gain ↑ (+2.14); occupation_level ↑ (+0.53); marital_status ↑ (+0.39); education_num ↑ (+0.28); town ↑ (+0.27),202,0.0063006862133499686,True,True,True
0.8948267603999834,1,capital_gain ↑ (+2.07); marital_status ↑ (+0.47); town ↑ (+0.47); education_num ↑ (+0.31); occupation_level ↑ (+0.30),203,0.006331877729257642,True,True,True
0.8948015856338947,1,capital_gain ↑ (+1.89); marital_status ↑ (+0.70); occupation_level ↑ (+0.51); town ↑ (+0.43); education_num ↑ (+0.25),204,0.006363069245165315,True,True,True
0.8944799518044201,0,capital_gain ↑ (+1.89); occupation_level ↑ (+0.82); marital_status ↑ (+0.60); town ↑ (+0.35); age ↑ (+0.15),205,0.006394260761072988,True,True,True
0.8944135648051736,0,capital_loss ↑ (+1.19); occupation_level ↑ (+0.90); marital_status ↑ (+0.67); town ↑ (+0.65); education_num ↑ (+0.51),206,0.006425452276980661,True,True,True
0.8943413352836156,0,capital_gain ↑ (+2.06); marital_status ↑ (+0.61); occupation_level ↑ (+0.58); town ↑ (+0.45); education_num ↑ (+0.27),207,0.006456643792888335,True,True,True
0.8943385309848774,0,capital_gain ↑ (+2.20); marital_status ↑ (+0.74); town ↑ (+0.52); occupation_level ↑ (+0.34); education_num ↑ (+0.31),208,0.006487835308796008,True,True,True
0.8942116421047325,0,capital_gain ↑ (+2.05); occupation_level ↑ (+0.91); marital_status ↑ (+0.37); town ↑ (+0.36); age ↑ (+0.13),209,0.006519026824703681,True,True,True
0.8940472769658175,1,capital_gain ↑ (+2.03); marital_status ↑ (+0.71); education_num ↑ (+0.55); town ↑ (+0.42); occupation_level ↑ (+0.28),210,0.006550218340611353,True,True,True
0.8939934169044497,0,capital_gain ↑ (+1.71); occupation_level ↑ (+0.70); marital_status ↑ (+0.63); education_num ↑ (+0.44); town ↑ (+0.36),211,0.006581409856519027,True,True,True
0.8939356709383,0,capital_gain ↑ (+1.89); occupation_level ↑ (+0.69); marital_status ↑ (+0.58); town ↑ (+0.33); education_num ↑ (+0.19),212,0.0066126013724267,True,True,True
0.8937510925409191,1,capital_gain ↑ (+2.04); marital_status ↑ (+0.62); town ↑ (+0.60); occupation_level ↑ (+0.51); age ↑ (+0.17),213,0.006643792888334373,True,True,True
0.8935892463549082,0,capital_gain ↑ (+2.02); marital_status ↑ (+0.62); town ↑ (+0.57); occupation_level ↑ (+0.53); age ↑ (+0.17),214,0.006674984404242046,True,True,True
0.8935693586038596,0,capital_gain ↑ (+2.11); marital_status ↑ (+0.62); occupation_level ↑ (+0.59); town ↑ (+0.56); age ↑ (+0.17),215,0.006706175920149719,True,True,True
0.8935541413647508,0,capital_gain ↑ (+2.05); marital_status ↑ (+0.63); town ↑ (+0.60); occupation_level ↑ (+0.53); age ↑ (+0.16),216,0.006737367436057393,True,True,True
0.8935399898531331,1,capital_gain ↑ (+2.00); marital_status ↑ (+0.65); occupation_level ↑ (+0.58); town ↑ (+0.37); education_num ↑ (+0.31),217,0.006768558951965066,True,True,True
0.8934467413664857,0,capital_gain ↑ (+2.00); marital_status ↑ (+0.68); occupation_level ↑ (+0.60); town ↑ (+0.56); age ↑ (+0.17),218,0.006799750467872738,True,True,True
0.8933251244795146,0,capital_gain ↑ (+2.09); marital_status ↑ (+0.61); occupation_level ↑ (+0.54); town ↑ (+0.43); education_num ↑ (+0.29),219,0.006830941983780411,True,True,True
0.8933123023667342,0,capital_gain ↑ (+2.23); marital_status ↑ (+0.73); town ↑ (+0.52); occupation_level ↑ (+0.32); view_fb ↑ (+0.22),220,0.006862133499688085,True,True,True
0.8932538901505861,0,capital_gain ↑ (+1.77); occupation_level ↑ (+0.70); marital_status ↑ (+0.62); town ↑ (+0.41); age ↑ (+0.17),221,0.006893325015595758,True,True,True
0.8931131330561104,0,capital_gain ↑ (+1.87); marital_status ↑ (+0.68); occupation_level ↑ (+0.61); education_num ↑ (+0.40); town ↑ (+0.32),222,0.006924516531503431,True,True,True
0.893061560685569,0,capital_gain ↑ (+2.08); marital_status ↑ (+0.61); occupation_level ↑ (+0.54); town ↑ (+0.37); education_num ↑ (+0.31),223,0.006955708047411104,True,True,True
0.8930443842981547,0,capital_gain ↑ (+2.11); occupation_level ↑ (+0.48); marital_status ↑ (+0.40); town ↑ (+0.37); education_num ↑ (+0.28),224,0.0069868995633187774,True,True,True
0.8930147956515573,0,capital_gain ↑ (+1.89); occupation_level ↑ (+0.82); marital_status ↑ (+0.60); town ↑ (+0.40); age ↑ (+0.15),225,0.007018091079226451,True,True,True
0.8930089584487626,1,capital_gain ↑ (+2.03); occupation_level ↑ (+0.78); marital_status ↑ (+0.43); town ↑ (+0.35); age ↑ (+0.19),226,0.007049282595134124,True,True,True
0.8925738119140668,0,capital_gain ↑ (+1.84); occupation_level ↑ (+0.82); marital_status ↑ (+0.61); town ↑ (+0.53); age ↑ (+0.17),227,0.007080474111041796,True,True,True
0.8925625772956762,0,capital_gain ↑ (+2.12); marital_status ↑ (+0.79); town ↑ (+0.56); education_num ↑ (+0.26); age ↑ (+0.16),228,0.007111665626949469,True,True,True
0.8924106627078963,0,capital_gain ↑ (+1.97); marital_status ↑ (+0.74); occupation_level ↑ (+0.55); town ↑ (+0.54); education_num ↑ (+0.28),229,0.007142857142857143,True,True,True
0.8923820057733683,0,capital_gain ↑ (+1.71); occupation_level ↑ (+0.71); marital_status ↑ (+0.63); education_num ↑ (+0.39); town ↑ (+0.34),230,0.007174048658764816,True,True,True
0.8923735495808213,0,capital_loss ↑ (+1.20); marital_status ↑ (+0.75); town ↑ (+0.74); occupation_level ↑ (+0.59); education_num ↑ (+0.44),231,0.007205240174672489,True,True,True
0.8922404010197272,0,capital_gain ↑ (+1.95); occupation_level ↑ (+0.68); marital_status ↑ (+0.59); town ↑ (+0.43); education_num ↑ (+0.20),232,0.007236431690580162,True,True,True
0.8921571695027903,0,capital_loss ↑ (+1.26); town ↑ (+0.80); marital_status ↑ (+0.75); occupation_level ↑ (+0.55); education_num ↑ (+0.44),233,0.0072676232064878355,True,True,True
0.8921376682742687,0,capital_loss ↑ (+1.20); occupation_level ↑ (+0.87); town ↑ (+0.70); marital_status ↑ (+0.63); education_num ↑ (+0.23),234,0.007298814722395509,True,True,True
0.8919800488143346,0,capital_gain ↑ (+1.86); marital_status ↑ (+0.62); occupation_level ↑ (+0.57); education_num ↑ (+0.42); town ↑ (+0.33),235,0.007330006238303182,True,True,True
0.8919302723260714,0,capital_gain ↑ (+1.99); education_num ↑ (+0.56); occupation_level ↑ (+0.54); marital_status ↑ (+0.41); town ↑ (+0.37),236,0.007361197754210854,True,True,True
0.8917117049693614,0,capital_gain ↑ (+1.74); occupation_level ↑ (+0.86); marital_status ↑ (+0.65); town ↑ (+0.45); age ↑ (+0.17),237,0.0073923892701185275,True,True,True
0.8916604150789667,0,capital_gain ↑ (+2.07); marital_status ↑ (+0.63); occupation_level ↑ (+0.62); town ↑ (+0.55); age ↑ (+0.17),238,0.007423580786026201,True,True,True
0.8916218011149234,0,capital_gain ↑ (+1.86); marital_status ↑ (+0.62); occupation_level ↑ (+0.59); education_num ↑ (+0.52); town ↑ (+0.34),239,0.007454772301933874,True,True,True
0.8915809285235887,0,capital_gain ↑ (+2.15); marital_status ↑ (+0.63); occupation_level ↑ (+0.56); town ↑ (+0.55); age ↑ (+0.17),240,0.007485963817841547,True,True,True
0.8914327333100448,1,capital_gain ↑ (+1.84); marital_status ↑ (+0.66); occupation_level ↑ (+0.60); education_num ↑ (+0.40); town ↑ (+0.37),241,0.00751715533374922,True,True,True
0.8913838326793239,0,capital_gain ↑ (+1.62); occupation_level ↑ (+0.71); marital_status ↑ (+0.63); town ↑ (+0.45); education_num ↑ (+0.42),242,0.0075483468496568935,True,True,True
0.8913823242556623,0,capital_gain ↑ (+1.82); occupation_level ↑ (+0.88); marital_status ↑ (+0.63); town ↑ (+0.41); view_fb ↑ (+0.31),243,0.007579538365564567,True,True,True
0.8912818987635293,0,capital_gain ↑ (+1.97); occupation_level ↑ (+0.58); marital_status ↑ (+0.41); town ↑ (+0.35); education_num ↑ (+0.23),244,0.00761072988147224,True,True,True
0.8912537948046774,0,capital_gain ↑ (+1.67); occupation_level ↑ (+0.70); marital_status ↑ (+0.64); town ↑ (+0.42); education_num ↑ (+0.40),245,0.007641921397379912,True,True,True
0.8912513698738996,0,capital_loss ↑ (+1.23); marital_status ↑ (+0.74); town ↑ (+0.71); occupation_level ↑ (+0.69); education_num ↑ (+0.56),246,0.0076731129132875855,True,True,True
0.8911867774915931,0,capital_gain ↑ (+1.72); occupation_level ↑ (+0.69); marital_status ↑ (+0.62); town ↑ (+0.39); education_num ↑ (+0.33),247,0.007704304429195259,True,True,True
0.891051010630637,0,capital_gain ↑ (+2.11); marital_status ↑ (+0.63); town ↑ (+0.54); occupation_level ↑ (+0.51); age ↑ (+0.17),248,0.007735495945102932,True,True,True
0.8909569597307015,0,capital_gain ↑ (+2.07); marital_status ↑ (+0.62); occupation_level ↑ (+0.56); town ↑ (+0.40); education_num ↑ (+0.29),249,0.007766687461010605,True,True,True
0.8909289876820587,0,capital_gain ↑ (+1.78); occupation_level ↑ (+0.71); marital_status ↑ (+0.60); town ↑ (+0.43); view_fb ↑ (+0.21),250,0.007797878976918278,True,True,True
0.8907661599684824,0,capital_gain ↑ (+1.87); marital_status ↑ (+0.64); occupation_level ↑ (+0.49); town ↑ (+0.48); education_num ↑ (+0.28),251,0.00782907049282595,True,True,True
0.8907309645486424,0,capital_gain ↑ (+2.14); marital_status ↑ (+0.62); town ↑ (+0.60); occupation_level ↑ (+0.59); education_num ↓ (-0.14),252,0.007860262008733625,True,True,True
0.8906265252863143,0,capital_gain ↑ (+2.01); marital_status ↑ (+0.74); occupation_level ↑ (+0.43); education_num ↑ (+0.40); town ↑ (+0.40),253,0.007891453524641297,True,True,True
0.8905359360934455,0,capital_gain ↑ (+2.01); marital_status ↑ (+0.62); occupation_level ↑ (+0.60); town ↑ (+0.54); age ↑ (+0.17),254,0.007922645040548971,True,True,True
0.8904145000450896,0,capital_gain ↑ (+2.02); marital_status ↑ (+0.71); town ↑ (+0.39); occupation_level ↑ (+0.36); education_num ↑ (+0.28),255,0.007953836556456644,True,True,True
0.8903190932924967,0,capital_gain ↑ (+1.76); occupation_level ↑ (+0.75); marital_status ↑ (+0.61); town ↑ (+0.48); education_num ↑ (+0.24),256,0.007985028072364318,True,True,True
0.8902860892974239,0,capital_gain ↑ (+1.90); occupation_level ↑ (+0.79); marital_status ↑ (+0.60); town ↑ (+0.36); age ↑ (+0.15),257,0.00801621958827199,True,True,True
0.8899464237759587,0,capital_gain ↑ (+2.00); marital_status ↑ (+0.61); occupation_level ↑ (+0.49); town ↑ (+0.42); education_num ↑ (+0.18),258,0.008047411104179662,True,True,True
0.8898977279387643,0,capital_gain ↑ (+2.04); marital_status ↑ (+0.70); town ↑ (+0.44); occupation_level ↑ (+0.34); education_num ↑ (+0.25),259,0.008078602620087336,True,True,True
0.8898621547963502,0,capital_gain ↑ (+1.96); marital_status ↑ (+0.57); occupation_level ↑ (+0.52); town ↑ (+0.52); age ↑ (+0.17),260,0.008109794135995009,True,True,True
0.8896807343971029,1,capital_gain ↑ (+2.22); marital_status ↑ (+0.74); town ↑ (+0.53); education_num ↑ (+0.36); demographic_characteristic ↑ (+0.07),261,0.008140985651902683,True,True,True
0.8896075797283854,0,capital_gain ↑ (+2.08); occupation_level ↑ (+0.63); marital_status ↑ (+0.63); town ↑ (+0.55); education_num ↓ (-0.12),262,0.008172177167810355,True,True,True
0.8894891046149671,0,capital_gain ↑ (+2.07); marital_status ↑ (+0.63); town ↑ (+0.60); occupation_level ↑ (+0.55); age ↑ (+0.17),263,0.00820336868371803,True,True,True
0.8894792678090916,0,capital_gain ↑ (+1.92); occupation_level ↑ (+0.79); marital_status ↑ (+0.59); town ↑ (+0.39); age ↑ (+0.12),264,0.008234560199625702,True,True,True
0.8894668140149563,0,capital_gain ↑ (+1.71); occupation_level ↑ (+0.68); marital_status ↑ (+0.63); town ↑ (+0.44); education_num ↑ (+0.21),265,0.008265751715533376,True,True,True
0.8893035002023222,0,capital_gain ↑ (+1.93); marital_status ↑ (+0.70); education_num ↑ (+0.44); town ↑ (+0.41); occupation_level ↑ (+0.28),266,0.008296943231441048,True,True,True
0.8893034123050055,1,capital_loss ↑ (+1.28); town ↑ (+0.73); marital_status ↑ (+0.73); occupation_level ↑ (+0.60); education_num ↑ (+0.52),267,0.00832813474734872,True,True,True
0.8891877952804917,1,capital_loss ↑ (+1.18); occupation_level ↑ (+0.89); town ↑ (+0.72); marital_status ↑ (+0.70); education_num ↑ (+0.51),268,0.008359326263256394,True,True,True
0.8891800250400709,0,capital_gain ↑ (+2.20); occupation_level ↑ (+0.51); marital_status ↑ (+0.39); town ↑ (+0.31); view_fb ↑ (+0.23),269,0.008390517779164067,True,True,True
0.8891778817018435,0,capital_gain ↑ (+2.12); occupation_level ↑ (+0.42); marital_status ↑ (+0.41); town ↑ (+0.35); education_num ↑ (+0.27),270,0.00842170929507174,True,True,True
0.8891046705707267,0,capital_gain ↑ (+2.11); marital_status ↑ (+0.74); town ↑ (+0.51); occupation_level ↑ (+0.37); education_num ↑ (+0.29),271,0.008452900810979413,True,True,True
0.8890718935175934,1,capital_gain ↑ (+2.10); marital_status ↑ (+0.65); town ↑ (+0.52); occupation_level ↑ (+0.45); education_num ↓ (-0.15),272,0.008484092326887087,True,True,True
0.8890616703630146,0,capital_gain ↑ (+1.97); occupation_level ↑ (+0.81); marital_status ↑ (+0.60); town ↑ (+0.42); education ↑ (+0.16),273,0.00851528384279476,True,True,True
0.8889658004911902,0,capital_loss ↑ (+1.08); occupation_level ↑ (+0.95); town ↑ (+0.74); marital_status ↑ (+0.67); education_num ↑ (+0.57),274,0.008546475358702434,True,True,True
0.888916905642119,0,capital_gain ↑ (+2.01); marital_status ↑ (+0.60); occupation_level ↑ (+0.52); town ↑ (+0.49); education_num ↑ (+0.41),275,0.008577666874610106,True,True,True
0.8887614336940586,0,capital_gain ↑ (+2.05); occupation_level ↑ (+0.83); marital_status ↑ (+0.39); town ↑ (+0.32); age ↑ (+0.20),276,0.008608858390517778,True,True,True
0.888675417655713,0,capital_gain ↑ (+2.00); occupation_level ↑ (+0.85); marital_status ↑ (+0.60); town ↑ (+0.48); familiarity_fb ↓ (-0.15),277,0.008640049906425452,True,True,True
0.8886202973113488,0,capital_gain ↑ (+2.18); marital_status ↑ (+0.74); town ↑ (+0.46); occupation_level ↑ (+0.37); education_num ↑ (+0.27),278,0.008671241422333125,True,True,True
0.8886125351585296,0,capital_gain ↑ (+1.93); marital_status ↑ (+0.71); education_num ↑ (+0.55); town ↑ (+0.39); occupation_level ↑ (+0.31),279,0.008702432938240799,True,True,True
0.8885977050995567,1,capital_gain ↑ (+1.94); marital_status ↑ (+0.73); education_num ↑ (+0.45); town ↑ (+0.40); occupation_level ↑ (+0.27),280,0.008733624454148471,True,True,True
0.8884422745564351,0,capital_gain ↑ (+2.02); marital_status ↑ (+0.63); town ↑ (+0.54); occupation_level ↑ (+0.51); age ↑ (+0.17),281,0.008764815970056145,True,True,True
0.8883441523585128,0,capital_gain ↑ (+1.92); marital_status ↑ (+0.77); education_num ↑ (+0.50); town ↑ (+0.40); occupation_level ↑ (+0.28),282,0.008796007485963818,True,True,True
0.8883112619185619,0,capital_gain ↑ (+2.07); marital_status ↑ (+0.63); occupation_level ↑ (+0.62); town ↑ (+0.57); age ↑ (+0.16),283,0.008827199001871492,True,True,True
0.8882970763125989,0,capital_gain ↑ (+1.99); occupation_level ↑ (+0.75); marital_status ↑ (+0.58); town ↑ (+0.52); age ↑ (+0.10),284,0.008858390517779164,True,True,True
0.8882848821185199,1,capital_loss ↑ (+1.14); town ↑ (+0.77); occupation_level ↑ (+0.74); marital_status ↑ (+0.72); education_num ↑ (+0.52),285,0.008889582033686836,True,True,True
0.8881601127102494,0,capital_gain ↑ (+2.08); occupation_level ↑ (+0.52); marital_status ↑ (+0.41); town ↑ (+0.29); education_num ↑ (+0.26),286,0.00892077354959451,True,True,True
0.8880307655979993,0,capital_gain ↑ (+2.12); occupation_level ↑ (+0.51); marital_status ↑ (+0.38); town ↑ (+0.30); education_num ↑ (+0.28),287,0.008951965065502183,True,True,True
0.8877099817069481,0,capital_gain ↑ (+2.00); marital_status ↑ (+0.68); town ↑ (+0.54); occupation_level ↑ (+0.53); age ↑ (+0.17),288,0.008983156581409857,True,True,True
0.8877089797317095,0,capital_gain ↑ (+2.02); marital_status ↑ (+0.73); town ↑ (+0.54); occupation_level ↑ (+0.35); view_fb ↑ (+0.17),289,0.00901434809731753,True,True,True
0.8875156355159654,0,capital_gain ↑ (+1.93); occupation_level ↑ (+0.74); marital_status ↑ (+0.38); town ↑ (+0.26); education_num ↑ (+0.23),290,0.009045539613225203,True,True,True
0.8874493839383795,0,capital_loss ↑ (+1.20); marital_status ↑ (+0.77); town ↑ (+0.73); occupation_level ↑ (+0.55); education_num ↑ (+0.43),291,0.009076731129132876,True,True,True
0.8873952348557695,0,capital_gain ↑ (+1.78); marital_status ↑ (+0.73); town ↑ (+0.55); education_num ↑ (+0.41); occupation_level ↑ (+0.27),292,0.00910792264504055,True,True,True
0.8873445115632579,0,capital_gain ↑ (+2.03); marital_status ↑ (+0.72); town ↑ (+0.40); occupation_level ↑ (+0.34); education_num ↑ (+0.28),293,0.009139114160948222,True,True,True
0.8873060697402888,1,capital_gain ↑ (+2.01); marital_status ↑ (+0.61); town ↑ (+0.59); occupation_level ↑ (+0.51); age ↑ (+0.17),294,0.009170305676855894,True,True,True
0.8872733792619077,0,capital_gain ↑ (+1.93); marital_status ↑ (+0.70); town ↑ (+0.57); education_num ↑ (+0.55); occupation_level ↑ (+0.30),295,0.009201497192763568,True,True,True
0.8872724247562698,1,capital_gain ↑ (+2.11); marital_status ↑ (+0.70); town ↑ (+0.52); education_num ↑ (+0.30); occupation_level ↑ (+0.29),296,0.00923268870867124,True,True,True
0.8872183781807367,1,capital_gain ↑ (+1.85); occupation_level ↑ (+0.80); marital_status ↑ (+0.59); town ↑ (+0.31); education_num ↑ (+0.16),297,0.009263880224578915,True,True,True
0.8871013835590731,0,capital_gain ↑ (+2.01); marital_status ↑ (+0.72); town ↑ (+0.55); occupation_level ↑ (+0.37); age ↑ (+0.13),298,0.009295071740486587,True,True,True
0.8870969760486234,0,capital_gain ↑ (+1.86); occupation_level ↑ (+0.77); marital_status ↑ (+0.40); town ↑ (+0.31); age ↑ (+0.20),299,0.009326263256394261,True,True,True
0.8869508115583153,0,capital_gain ↑ (+1.95); marital_status ↑ (+0.69); occupation_level ↑ (+0.57); town ↑ (+0.49); age ↑ (+0.17),300,0.009357454772301934,True,True,True
0.8868504137378035,0,capital_gain ↑ (+2.03); occupation_level ↑ (+0.63); education_num ↑ (+0.49); marital_status ↑ (+0.39); town ↑ (+0.22),301,0.009388646288209608,True,True,True
0.886794512732251,0,capital_gain ↑ (+1.94); occupation_level ↑ (+0.71); marital_status ↑ (+0.65); town ↑ (+0.41); education_num ↑ (+0.22),302,0.00941983780411728,True,True,True
0.8866427313622242,1,capital_gain ↑ (+1.94); occupation_level ↑ (+0.49); marital_status ↑ (+0.42); town ↑ (+0.30); education_num ↑ (+0.27),303,0.009451029320024952,True,True,True
0.8866030007856273,0,capital_gain ↑ (+2.12); occupation_level ↑ (+0.51); marital_status ↑ (+0.44); education_num ↑ (+0.28); town ↑ (+0.27),304,0.009482220835932626,True,True,True
0.8864824668042668,0,capital_gain ↑ (+2.20); marital_status ↑ (+0.71); town ↑ (+0.49); occupation_level ↑ (+0.37); education_num ↓ (-0.12),305,0.009513412351840299,True,True,True
0.8864253212033939,0,capital_gain ↑ (+2.03); marital_status ↑ (+0.74); town ↑ (+0.54); occupation_level ↑ (+0.44); age ↑ (+0.17),306,0.009544603867747973,True,True,True
0.8863759482819046,0,capital_gain ↑ (+2.12); marital_status ↑ (+0.47); town ↑ (+0.38); education_num ↑ (+0.32); occupation_level ↑ (+0.25),307,0.009575795383655645,True,True,True
0.8863241580901314,0,capital_loss ↑ (+1.10); occupation_level ↑ (+0.95); town ↑ (+0.70); marital_status ↑ (+0.70); education_num ↑ (+0.37),308,0.00960698689956332,True,True,True
0.8862100617051341,0,capital_gain ↑ (+2.01); marital_status ↑ (+0.72); town ↑ (+0.49); occupation_level ↑ (+0.47); view_fb ↑ (+0.24),309,0.009638178415470992,True,True,True
0.886063924897896,0,capital_gain ↑ (+1.60); occupation_level ↑ (+0.84); marital_status ↑ (+0.62); town ↑ (+0.34); education_num ↑ (+0.34),310,0.009669369931378666,True,True,True
0.8859974223814157,0,capital_gain ↑ (+1.99); marital_status ↑ (+0.63); town ↑ (+0.63); occupation_level ↑ (+0.57); age ↑ (+0.17),311,0.009700561447286338,True,True,True
0.8859558112420683,1,capital_loss ↑ (+1.12); marital_status ↑ (+0.76); town ↑ (+0.68); occupation_level ↑ (+0.62); education_num ↑ (+0.45),312,0.00973175296319401,True,True,True
0.8858716756656421,0,capital_gain ↑ (+1.94); occupation_level ↑ (+0.64); marital_status ↑ (+0.39); education_num ↑ (+0.32); town ↑ (+0.27),313,0.009762944479101685,True,True,True
0.8857400958531189,0,capital_gain ↑ (+2.03); occupation_level ↑ (+0.54); marital_status ↑ (+0.42); education_num ↑ (+0.33); town ↑ (+0.23),314,0.009794135995009357,True,True,True
0.8857239076001544,0,capital_gain ↑ (+1.82); occupation_level ↑ (+0.86); marital_status ↑ (+0.65); town ↑ (+0.35); view_fb ↑ (+0.16),315,0.009825327510917031,True,True,True
0.8855699579551154,1,capital_gain ↑ (+2.05); marital_status ↑ (+0.65); town ↑ (+0.43); occupation_level ↑ (+0.37); education_num ↑ (+0.29),316,0.009856519026824703,True,True,True
0.8855484032651936,0,capital_gain ↑ (+2.14); marital_status ↑ (+0.48); occupation_level ↑ (+0.35); education_num ↑ (+0.27); town ↑ (+0.26),317,0.009887710542732377,True,True,True
0.885461789466316,0,capital_gain ↑ (+1.95); occupation_level ↑ (+0.80); marital_status ↑ (+0.62); town ↑ (+0.48); age ↑ (+0.18),318,0.00991890205864005,True,True,True
0.8853647563854569,0,capital_gain ↑ (+2.06); marital_status ↑ (+0.62); town ↑ (+0.53); occupation_level ↑ (+0.49); view_fb ↑ (+0.23),319,0.009950093574547724,True,True,True
0.8853188102084525,0,capital_gain ↑ (+1.81); occupation_level ↑ (+0.73); marital_status ↑ (+0.40); town ↑ (+0.30); education_num ↑ (+0.22),320,0.009981285090455396,True,True,True
